slug,name,category,province,seo_title,seo_description,channel_description,embed_type,embed_source,fallback_url,featured
cana-tv-digital,Cana TV Digital,regional,Veron,"Cana TV Digital en Vivo | TV de Veron, RD - DR TV","Ve Cana TV Digital en vivo, la señal de Veron en República Dominicana. Transmisión en vivo, sin cortes, directo desde República Dominicana.","Cana TV Digital es la señal local de Veron, llevando noticias, comunidad y programación regional a la pantalla. Para quienes son de Veron —dentro o fuera del país— DR TV te conecta con tu canal en vivo, directo desde casa.",hls,https://stream.hostuis.com:19360/canatvdigital/canatvdigital.m3u8,https://canatvdigital.com/,false
buena-tv,Buena TV,national-news,,Buena TV en Vivo Online | Noticias y TV Dominicana - DR TV,"Mira Buena TV en vivo online gratis, 24 horas al día. Transmisión en vivo, sin cortes, directo desde República Dominicana.","Buena TV es uno de los canales de referencia en Santo Domingo Este, con programación de noticias, opinión y actualidad dominicana. En DR TV puedes seguir su transmisión en vivo directamente, sin salir de la página, ya sea que estés en la isla o formes parte de la diáspora dominicana en el exterior.",hls,https://edge.essastream.com/buenatv/index.m3u8,https://dominicanchannels.com/buena-tv/,false
carivision,CariVisión,national-news,,CariVisión en Vivo Online | Noticias y TV Dominicana - DR TV,"Mira CariVisión en vivo online gratis, 24 horas al día. Transmisión en vivo, sin cortes, directo desde República Dominicana.","CariVisión es uno de los canales de referencia en Santo Domingo, con programación de noticias, opinión y actualidad dominicana. En DR TV puedes seguir su transmisión en vivo directamente, sin salir de la página, ya sea que estés en la isla o formes parte de la diáspora dominicana en el exterior.",youtube,youtube.com/channel/UCGo5FjcYI5fZszhfBUfcCgQ,http://carivision.online/,false
cdn-canal-37,CDN Canal 37,national-news,,CDN Canal 37 en Vivo Online | Noticias y TV Dominicana - DR TV,"Mira CDN Canal 37 en vivo online gratis, 24 horas al día. Transmisión en vivo, sin cortes, directo desde República Dominicana.","CDN Canal 37 es uno de los canales de referencia en República Dominicana, con programación de noticias, opinión y actualidad dominicana. En DR TV puedes seguir su transmisión en vivo directamente, sin salir de la página, ya sea que estés en la isla o formes parte de la diáspora dominicana en el exterior.",youtube,youtube.com/channel/UCpFfLf9o4wJr-yr7dG8gYug,https://cdn.com.do/,false
canal-del-sol,Canal del Sol,entertainment,,Canal del Sol en Vivo Online | TV Dominicana Gratis - DR TV,"Disfruta Canal del Sol en vivo online, entretenimiento dominicano gratis. Transmisión en vivo, sin cortes, directo desde República Dominicana.","Canal del Sol transmite entretenimiento, variedades y programación familiar en vivo desde Santo Domingo /. Una señal pensada para acompañarte todo el día, disponible en DR TV sin necesidad de buscar en otro sitio.",hls,https://stream.canaldelsol.com/sol26/master.m3u8,https://canaldelsol.com/,false
bonao-tv-canal-12,Bonao TV Canal 12,regional,Bonao Monseñor Nouel,Bonao TV Canal 12 en Vivo | DR TV,"Ve Bonao TV Canal 12 en vivo, la señal de Bonao Monseñor Nouel en República Dominicana. Transmisión en vivo, sin cortes, directo desde República Dominicana.","Bonao TV Canal 12 es la señal local de Bonao Monseñor Nouel, llevando noticias, comunidad y programación regional a la pantalla. Para quienes son de Bonao Monseñor Nouel —dentro o fuera del país— DR TV te conecta con tu canal en vivo, directo desde casa.",hls,https://tele-stream.telecasa.net/live/st2/bonaotv-hd/index.m3u8,https://www.bonaotv.com,false
boreal-television,Boreal Televisión,entertainment,,Boreal Televisión en Vivo Online | TV Dominicana Gratis - DR TV,"Disfruta Boreal Televisión en vivo online, entretenimiento dominicano gratis. Transmisión en vivo, sin cortes, directo desde República Dominicana.","Boreal Televisión transmite entretenimiento, variedades y programación familiar en vivo desde Production company. Una señal pensada para acompañarte todo el día, disponible en DR TV sin necesidad de buscar en otro sitio.",youtube,youtube.com/c/BOREALTELEVISI,https://borealtelevision.com/,false
acento-tv,Acento TV,national-news,,Acento TV en Vivo Online | Noticias y TV Dominicana - DR TV,"Mira Acento TV en vivo online gratis, 24 horas al día. Transmisión en vivo, sin cortes, directo desde República Dominicana.","Acento TV es uno de los canales de referencia en /current affairs, con programación de noticias, opinión y actualidad dominicana. En DR TV puedes seguir su transmisión en vivo directamente, sin salir de la página, ya sea que estés en la isla o formes parte de la diáspora dominicana en el exterior.",youtube,youtube.com/channel/UCxkjxuQjnsIBWErZ1tmQa3A,https://acentotv.acento.com.do/,false
cdn-deportes,CDN Deportes,sports,,CDN Deportes en Vivo | Deportes República Dominicana - DR TV,"Sigue CDN Deportes en vivo y no te pierdas el deporte dominicano. Transmisión en vivo, sin cortes, directo desde República Dominicana.","CDN Deportes lleva el deporte dominicano en vivo: béisbol invernal, boxeo y la actualidad deportiva del país, transmitido desde CDN sister channel. Sigue cada juego y cada jugada en tiempo real, directamente en DR TV.",youtube,youtube.com/channel/UCDVgwGy7AbR9me7MJHpJ0zA,https://cdndeportes.com.do/,false
de-ultimo-minuto-tv,De Último Minuto TV,entertainment,,De Último Minuto TV en Vivo Online | TV Dominicana Gratis - DR TV,"Disfruta De Último Minuto TV en vivo online, entretenimiento dominicano gratis. Transmisión en vivo, sin cortes, directo desde República Dominicana.","De Último Minuto TV transmite entretenimiento, variedades y programación familiar en vivo desde Alofoke Media Group. Una señal pensada para acompañarte todo el día, disponible en DR TV sin necesidad de buscar en otro sitio.",youtube,youtube.com/channel/UCyqn5zX5zoiD9VEKd6UvZrA,https://deultimominuto.net/de-ultimo-minuto-television/,false
bebeto-hd,Bebeto HD,entertainment,,Bebeto HD en Vivo Online | TV Dominicana Gratis - DR TV,"Disfruta Bebeto HD en vivo online, entretenimiento dominicano gratis. Transmisión en vivo, sin cortes, directo desde República Dominicana.","Bebeto HD transmite entretenimiento, variedades y programación familiar en vivo desde República Dominicana. Una señal pensada para acompañarte todo el día, disponible en DR TV sin necesidad de buscar en otro sitio.",youtube,youtube.com/@bebetotv1,https://bebetohd.com/,false
antena-canal-7,Antena Canal 7,national-news,,Antena Canal 7 en Vivo Online | Noticias y TV Dominicana - DR TV,"Mira Antena Canal 7 en vivo online gratis, 24 horas al día. Transmisión en vivo, sin cortes, directo desde República Dominicana.","Antena Canal 7 es uno de los canales de referencia en National /info, con programación de noticias, opinión y actualidad dominicana. En DR TV puedes seguir su transmisión en vivo directamente, sin salir de la página, ya sea que estés en la isla o formes parte de la diáspora dominicana en el exterior.",youtube,youtube.com/@antena7oficial,https://www.antena7.com.do/,false
bajo-techo-tv,Bajo Techo TV,entertainment,,Bajo Techo TV en Vivo Online | TV Dominicana Gratis - DR TV,"Disfruta Bajo Techo TV en vivo online, entretenimiento dominicano gratis. Transmisión en vivo, sin cortes, directo desde República Dominicana.","Bajo Techo TV transmite entretenimiento, variedades y programación familiar en vivo desde Real estate niche. Una señal pensada para acompañarte todo el día, disponible en DR TV sin necesidad de buscar en otro sitio.",hls,https://cdnfox.hostlagarto.com/bajotechotv/index.m3u8,https://bajotecho.tv/,false
color-vision,Color Visión,national-news,,Color Visión en Vivo Online | Noticias y TV Dominicana - DR TV,"Mira Color Visión en vivo online gratis, 24 horas al día. Transmisión en vivo, sin cortes, directo desde República Dominicana.","Color Visión es uno de los canales de referencia en República Dominicana, con programación de noticias, opinión y actualidad dominicana. En DR TV puedes seguir su transmisión en vivo directamente, sin salir de la página, ya sea que estés en la isla o formes parte de la diáspora dominicana en el exterior.",youtube,youtube.com/channel/UCiDATmLMS6XfkB7mh8pmeHg,https://colorvision.com.do/,false
hmtv-canal-33,HMTV Canal 33,regional,Hermanas Mirabal,"HMTV Canal 33 en Vivo | TV de Hermanas Mirabal, RD - DR TV","Ve HMTV Canal 33 en vivo, la señal de Hermanas Mirabal en República Dominicana. Transmisión en vivo, sin cortes, directo desde República Dominicana.","HMTV Canal 33 es la señal local de Hermanas Mirabal, llevando noticias, comunidad y programación regional a la pantalla. Para quienes son de Hermanas Mirabal —dentro o fuera del país— DR TV te conecta con tu canal en vivo, directo desde casa.",iframe,https://fox.hostlagarto.com/VideoPlayer/hmtv?autoplay=1,http://hmtv.com.do/,false
bellavision-canal-8,Bellavisión Canal 8,regional,Higüey,"Bellavisión Canal 8 en Vivo | TV de Higüey, RD - DR TV","Ve Bellavisión Canal 8 en vivo, la señal de Higüey en República Dominicana. Transmisión en vivo, sin cortes, directo desde República Dominicana.","Bellavisión Canal 8 es la señal local de Higüey, llevando noticias, comunidad y programación regional a la pantalla. Para quienes son de Higüey —dentro o fuera del país— DR TV te conecta con tu canal en vivo, directo desde casa.",iframe,https://fox.hostlagarto.com/VideoPlayer/bellavision8hd?autoplay=1,https://bellavision8.com/,false
larivision,Larivisión,regional,Barahona,"Larivisión en Vivo | TV de Barahona, RD - DR TV","Ve Larivisión en vivo, la señal de Barahona en República Dominicana. Transmisión en vivo, sin cortes, directo desde República Dominicana.","Larivisión es la señal local de Barahona, llevando noticias, comunidad y programación regional a la pantalla. Para quienes son de Barahona —dentro o fuera del país— DR TV te conecta con tu canal en vivo, directo desde casa.",hls,https://cloud5.larivision.net/hls/live.m3u8,https://www.larivision.com/,false
certv-canal-4,CERTV Canal 4,national-news,,CERTV Canal 4 en Vivo Online | Noticias y TV Dominicana - DR TV,"Mira CERTV Canal 4 en vivo online gratis, 24 horas al día. Transmisión en vivo, sin cortes, directo desde República Dominicana.","CERTV Canal 4 es uno de los canales de referencia en State/ TV, con programación de noticias, opinión y actualidad dominicana. En DR TV puedes seguir su transmisión en vivo directamente, sin salir de la página, ya sea que estés en la isla o formes parte de la diáspora dominicana en el exterior.",hls,https://protvradiostream.com:1936/canal4rd-1/ngrp:canal4rd-1_all/playlist.m3u8?DVR,https://rtvdclic.com/rtvd-en-vivo/,false
gh-television,GH Television,regional,Gaspar Hernandez,"GH Television en Vivo | TV de Gaspar Hernandez, RD - DR TV","Ve GH Television en vivo, la señal de Gaspar Hernandez en República Dominicana. Transmisión en vivo, sin cortes, directo desde República Dominicana.","GH Television es la señal local de Gaspar Hernandez, llevando noticias, comunidad y programación regional a la pantalla. Para quienes son de Gaspar Hernandez —dentro o fuera del país— DR TV te conecta con tu canal en vivo, directo desde casa.",hls,https://cdnfox.hostlagarto.com/ghtelevision/index.m3u8,https://ghtelevision.com/,false
linieros-tv,Linieros TV,regional,Dajabón border region,"Linieros TV en Vivo | TV de Dajabón border region, RD - DR TV","Ve Linieros TV en vivo, la señal de Dajabón border region en República Dominicana. Transmisión en vivo, sin cortes, directo desde República Dominicana.","Linieros TV es la señal local de Dajabón border region, llevando noticias, comunidad y programación regional a la pantalla. Para quienes son de Dajabón border region —dentro o fuera del país— DR TV te conecta con tu canal en vivo, directo desde casa.",youtube,youtube.com/@Linierosmedia,https://tv.linieros.com/,false
fuego-tv-canal-40,Fuego TV Canal 40,regional,Cienfuegos Santiago,"Fuego TV Canal 40 en Vivo | TV de Cienfuegos Santiago, RD - DR TV","Ve Fuego TV Canal 40 en vivo, la señal de Cienfuegos Santiago en República Dominicana. Transmisión en vivo, sin cortes, directo desde República Dominicana.","Fuego TV Canal 40 es la señal local de Cienfuegos Santiago, llevando noticias, comunidad y programación regional a la pantalla. Para quienes son de Cienfuegos Santiago —dentro o fuera del país— DR TV te conecta con tu canal en vivo, directo desde casa.",iframe,https://streamunoapp.com/broadcaster/cromtv/live/player,https://fuego40.com/,false
guaymate-tv,Guaymate TV,regional,La Romana,"Guaymate TV en Vivo | TV de La Romana, RD - DR TV","Ve Guaymate TV en vivo, la señal de La Romana en República Dominicana. Transmisión en vivo, sin cortes, directo desde República Dominicana.","Guaymate TV es la señal local de La Romana, llevando noticias, comunidad y programación regional a la pantalla. Para quienes son de La Romana —dentro o fuera del país— DR TV te conecta con tu canal en vivo, directo desde casa.",iframe,https://www.vivalivetv.com/embed?scheme=embedChannel&channelId=1807&autoplay=yes&showChat=no&theme=stormtrooper,https://www.vivalivetv.com/channel/guaymate-tv,false
digital-15,Digital 15,entertainment,,Digital 15 en Vivo Online | TV Dominicana Gratis - DR TV,"Disfruta Digital 15 en vivo online, entretenimiento dominicano gratis. Transmisión en vivo, sin cortes, directo desde República Dominicana.","Digital 15 transmite entretenimiento, variedades y programación familiar en vivo desde Telemicro sister channel (Univision relay). Una señal pensada para acompañarte todo el día, disponible en DR TV sin necesidad de buscar en otro sitio.",iframe,https://telemicro.com.do/players/15tv/index.php,https://telemicro.com.do/digital-15-en-vivo/,false
ready-tv-canal-6,Ready TV Canal 6,regional,La Vega,"Ready TV Canal 6 en Vivo | TV de La Vega, RD - DR TV","Ve Ready TV Canal 6 en vivo, la señal de La Vega en República Dominicana. Transmisión en vivo, sin cortes, directo desde República Dominicana.","Ready TV Canal 6 es la señal local de La Vega, llevando noticias, comunidad y programación regional a la pantalla. Para quienes son de La Vega —dentro o fuera del país— DR TV te conecta con tu canal en vivo, directo desde casa.",hls,https://streaming.telecablecentral.com.do/ReadyTV/ReadyHD/playlist.m3u8,https://readytelevision.com/en-vivo/,false
micro-vision,Micro Visión,regional,Central Cibao region (La Vega/Santiago/Duarte),Micro Visión en Vivo | DR TV,"Ve Micro Visión en vivo, la señal de Central Cibao region (La Vega/Santiago/Duarte) en República Dominicana. Transmisión en vivo, sin cortes, directo desde...","Micro Visión es la señal local de Central Cibao region (La Vega/Santiago/Duarte), llevando noticias, comunidad y programación regional a la pantalla. Para quienes son de Central Cibao region (La Vega/Santiago/Duarte) —dentro o fuera del país— DR TV te conecta con tu canal en vivo, directo desde casa.",youtube,youtube.com/embed/-G9Ms5p5P4Y,https://microvision.com.do/,false
caribbean-traveling-network-dominicano,Caribbean Traveling Network Dominicano,entertainment,,Caribbean Traveling Network Dominicano en Vivo | DR TV,"Disfruta Caribbean Traveling Network Dominicano en vivo online, entretenimiento dominicano gratis. Transmisión en vivo, sin cortes, directo desde República...","Caribbean Traveling Network Dominicano transmite entretenimiento, variedades y programación familiar en vivo desde Tourism. Una señal pensada para acompañarte todo el día, disponible en DR TV sin necesidad de buscar en otro sitio.",youtube,youtube.com/@CTNDominicano,https://ctn.com.do/,false
maimon-tv-canal-3,Maimon TV Canal 3,regional,Maimon Bonao,"Maimon TV Canal 3 en Vivo | TV de Maimon Bonao, RD - DR TV","Ve Maimon TV Canal 3 en vivo, la señal de Maimon Bonao en República Dominicana. Transmisión en vivo, sin cortes, directo desde República Dominicana.","Maimon TV Canal 3 es la señal local de Maimon Bonao, llevando noticias, comunidad y programación regional a la pantalla. Para quienes son de Maimon Bonao —dentro o fuera del país— DR TV te conecta con tu canal en vivo, directo desde casa.",hls,https://tele-stream.telecasa.net/live/st3/maimontv-hd/index.m3u8,https://maimontv.com,false
luna-tv-canal-25,Luna TV Canal 25,regional,Santiago,"Luna TV Canal 25 en Vivo | TV de Santiago, RD - DR TV","Ve Luna TV Canal 25 en vivo, la señal de Santiago en República Dominicana. Transmisión en vivo, sin cortes, directo desde República Dominicana.","Luna TV Canal 25 es la señal local de Santiago, llevando noticias, comunidad y programación regional a la pantalla. Para quienes son de Santiago —dentro o fuera del país— DR TV te conecta con tu canal en vivo, directo desde casa.",hls,https://stream.lunatv.do/hls/prueba.m3u8,https://lunatvdigital.com/,false
supertv-55,Supertv 55,entertainment,,Supertv 55 en Vivo Online | TV Dominicana Gratis - DR TV,"Disfruta Supertv 55 en vivo online, entretenimiento dominicano gratis. Transmisión en vivo, sin cortes, directo desde República Dominicana.","Supertv 55 transmite entretenimiento, variedades y programación familiar en vivo desde TV. Una señal pensada para acompañarte todo el día, disponible en DR TV sin necesidad de buscar en otro sitio.",iframe,https://rdomiplayer.com/landing/tv/263/1,https://www.supertv55.tv/,false
reportero-tv,Reportero TV,regional,Las Matas de Santa Cruz Montecristi,Reportero TV en Vivo | DR TV,"Ve Reportero TV en vivo, la señal de Las Matas de Santa Cruz Montecristi en República Dominicana. Transmisión en vivo, sin cortes, directo desde República...","Reportero TV es la señal local de Las Matas de Santa Cruz Montecristi, llevando noticias, comunidad y programación regional a la pantalla. Para quienes son de Las Matas de Santa Cruz Montecristi —dentro o fuera del país— DR TV te conecta con tu canal en vivo, directo desde casa.",youtube,youtube.com/@Reportero46,https://reportero.com.do/,false
simavision-canal-18,SimaVisión Canal 18,regional,Villa Montellano Puerto Plata,SimaVisión Canal 18 en Vivo | DR TV,"Ve SimaVisión Canal 18 en vivo, la señal de Villa Montellano Puerto Plata en República Dominicana. Transmisión en vivo, sin cortes, directo desde República...","SimaVisión Canal 18 es la señal local de Villa Montellano Puerto Plata, llevando noticias, comunidad y programación regional a la pantalla. Para quienes son de Villa Montellano Puerto Plata —dentro o fuera del país— DR TV te conecta con tu canal en vivo, directo desde casa.",iframe,https://soportedvb.click/live-stream-video-widget/simavisiontv,https://simavision.tv/,false
mega-vision-43,Mega Vision 43,regional,Santiago,"Mega Vision 43 en Vivo | TV de Santiago, RD - DR TV","Ve Mega Vision 43 en vivo, la señal de Santiago en República Dominicana. Transmisión en vivo, sin cortes, directo desde República Dominicana.","Mega Vision 43 es la señal local de Santiago, llevando noticias, comunidad y programación regional a la pantalla. Para quienes son de Santiago —dentro o fuera del país— DR TV te conecta con tu canal en vivo, directo desde casa.",youtube,youtube.com/channel/UCchZNa11efTEhE4BOcqhfuw,https://www.megavisiontvrd.com/,false
romana-tv-canal-42,Romana TV Canal 42,regional,La Romana,"Romana TV Canal 42 en Vivo | TV de La Romana, RD - DR TV","Ve Romana TV Canal 42 en vivo, la señal de La Romana en República Dominicana. Transmisión en vivo, sin cortes, directo desde República Dominicana.","Romana TV Canal 42 es la señal local de La Romana, llevando noticias, comunidad y programación regional a la pantalla. Para quienes son de La Romana —dentro o fuera del país— DR TV te conecta con tu canal en vivo, directo desde casa.",hls,https://videoserver.tmcreativos.com:19360/cvmhbyrcat/cvmhbyrcat.m3u8,https://romanatv42.com/,false
tele-cotui-canal-10,Tele Cotuí Canal 10,regional,Cotui Sanchez Ramirez,Tele Cotuí Canal 10 en Vivo | DR TV,"Ve Tele Cotuí Canal 10 en vivo, la señal de Cotui Sanchez Ramirez en República Dominicana. Transmisión en vivo, sin cortes, directo desde República Dominicana.","Tele Cotuí Canal 10 es la señal local de Cotui Sanchez Ramirez, llevando noticias, comunidad y programación regional a la pantalla. Para quienes son de Cotui Sanchez Ramirez —dentro o fuera del país— DR TV te conecta con tu canal en vivo, directo desde casa.",youtube,youtube.com/embed/99yKmhwybKE,https://www.telecotuiglobal.com/,false
telemicro-canal-5,Telemicro Canal 5,national-news,,Telemicro Canal 5 en Vivo | DR TV,"Mira Telemicro Canal 5 en vivo online gratis, 24 horas al día. Transmisión en vivo, sin cortes, directo desde República Dominicana.","Telemicro Canal 5 es uno de los canales de referencia en República Dominicana, con programación de noticias, opinión y actualidad dominicana. En DR TV puedes seguir su transmisión en vivo directamente, sin salir de la página, ya sea que estés en la isla o formes parte de la diáspora dominicana en el exterior.",youtube,youtube.com/channel/UCAVnMMAcnwZ67RS6SQtvPOA,https://telemicro.com.do/telemicro-en-vivo/,false
telecentro-canal-13,Telecentro Canal 13,national-news,,Telecentro Canal 13 en Vivo | DR TV,"Mira Telecentro Canal 13 en vivo online gratis, 24 horas al día. Transmisión en vivo, sin cortes, directo desde República Dominicana.","Telecentro Canal 13 es uno de los canales de referencia en National varied programming, con programación de noticias, opinión y actualidad dominicana. En DR TV puedes seguir su transmisión en vivo directamente, sin salir de la página, ya sea que estés en la isla o formes parte de la diáspora dominicana en el exterior.",youtube,youtube.com/channel/UCKd3RqAWndTIflbZGmIoYKw,https://telecentro.com.do/,false
telefuturo-canal-23,Telefuturo Canal 23,national-news,,Telefuturo Canal 23 en Vivo | DR TV,"Mira Telefuturo Canal 23 en vivo online gratis, 24 horas al día. Transmisión en vivo, sin cortes, directo desde República Dominicana.","Telefuturo Canal 23 es uno de los canales de referencia en RCC Noticias, con programación de noticias, opinión y actualidad dominicana. En DR TV puedes seguir su transmisión en vivo directamente, sin salir de la página, ya sea que estés en la isla o formes parte de la diáspora dominicana en el exterior.",youtube,youtube.com/@RCCMEDIA,https://rccnoticias.com.do/rcc-tv/,false
tele-radio-norte,Tele Radio Norte,national-news,,Tele Radio Norte en Vivo | DR TV,"Mira Tele Radio Norte en vivo online gratis, 24 horas al día. Transmisión en vivo, sin cortes, directo desde República Dominicana.","Tele Radio Norte es uno de los canales de referencia en /music/movies, con programación de noticias, opinión y actualidad dominicana. En DR TV puedes seguir su transmisión en vivo directamente, sin salir de la página, ya sea que estés en la isla o formes parte de la diáspora dominicana en el exterior.",hls,https://angelistic.live:3785/hybrid/play.m3u8,https://teleradionorte.com/,false
tele-dominicana,Tele Dominicana,national-news,,Tele Dominicana en Vivo Online | Noticias y TV Dominicana - DR TV,"Mira Tele Dominicana en vivo online gratis, 24 horas al día. Transmisión en vivo, sin cortes, directo desde República Dominicana.","Tele Dominicana es uno de los canales de referencia en Santo Domingo Este, con programación de noticias, opinión y actualidad dominicana. En DR TV puedes seguir su transmisión en vivo directamente, sin salir de la página, ya sea que estés en la isla o formes parte de la diáspora dominicana en el exterior.",hls,https://vdopanel.jlahozconsulting.com:3772/multi_live/play_720.m3u8,https://teledominicana.net/,false
teleantillas,Teleantillas,national-news,,Teleantillas en Vivo Online | Noticias y TV Dominicana - DR TV,"Mira Teleantillas en vivo online gratis, 24 horas al día. Transmisión en vivo, sin cortes, directo desde República Dominicana.","Teleantillas es uno de los canales de referencia en Major national network, con programación de noticias, opinión y actualidad dominicana. En DR TV puedes seguir su transmisión en vivo directamente, sin salir de la página, ya sea que estés en la isla o formes parte de la diáspora dominicana en el exterior.",youtube,youtube.com/@teleantillas10,https://teleantillas.com.do/,false
mia-vision-canal-97,Mia Visión Canal 97,regional,Puerto Plata,"Mia Visión Canal 97 en Vivo | TV de Puerto Plata, RD - DR TV","Ve Mia Visión Canal 97 en vivo, la señal de Puerto Plata en República Dominicana. Transmisión en vivo, sin cortes, directo desde República Dominicana.","Mia Visión Canal 97 es la señal local de Puerto Plata, llevando noticias, comunidad y programación regional a la pantalla. Para quienes son de Puerto Plata —dentro o fuera del país— DR TV te conecta con tu canal en vivo, directo desde casa.",youtube,youtube.com/@miavisiontv8372,https://miavision.tv/,false
teleradio-america,Teleradio América,national-news,,Teleradio América en Vivo | DR TV,"Mira Teleradio América en vivo online gratis, 24 horas al día. Transmisión en vivo, sin cortes, directo desde República Dominicana.","Teleradio América es uno de los canales de referencia en TV+radio+internet simulcast, con programación de noticias, opinión y actualidad dominicana. En DR TV puedes seguir su transmisión en vivo directamente, sin salir de la página, ya sea que estés en la isla o formes parte de la diáspora dominicana en el exterior.",youtube,youtube.com/@canaltrard,https://teleradioamerica.com/envivo/,false
teleimpacto,Teleimpacto,national-news,,Teleimpacto en Vivo Online | Noticias y TV Dominicana - DR TV,"Mira Teleimpacto en vivo online gratis, 24 horas al día. Transmisión en vivo, sin cortes, directo desde República Dominicana.","Teleimpacto es uno de los canales de referencia en /current affairs, con programación de noticias, opinión y actualidad dominicana. En DR TV puedes seguir su transmisión en vivo directamente, sin salir de la página, ya sea que estés en la isla o formes parte de la diáspora dominicana en el exterior.",iframe,https://vpss2003.streamprolive.com/i/cp/html5player.html,https://teleimpacto52.com.do/,false
teleuniverso-canal-29,Teleuniverso Canal 29,national-news,,Teleuniverso Canal 29 en Vivo | DR TV,"Mira Teleuniverso Canal 29 en vivo online gratis, 24 horas al día. Transmisión en vivo, sin cortes, directo desde República Dominicana.","Teleuniverso Canal 29 es uno de los canales de referencia en National, con programación de noticias, opinión y actualidad dominicana. En DR TV puedes seguir su transmisión en vivo directamente, sin salir de la página, ya sea que estés en la isla o formes parte de la diáspora dominicana en el exterior.",youtube,youtube.com/@CanalTeleuniverso,https://teleuniversotv.com/,false
teleunion-canal-16,Teleunión Canal 16,regional,Santiago,"Teleunión Canal 16 en Vivo | TV de Santiago, RD - DR TV","Ve Teleunión Canal 16 en vivo, la señal de Santiago en República Dominicana. Transmisión en vivo, sin cortes, directo desde República Dominicana.","Teleunión Canal 16 es la señal local de Santiago, llevando noticias, comunidad y programación regional a la pantalla. Para quienes son de Santiago —dentro o fuera del país— DR TV te conecta con tu canal en vivo, directo desde casa.",hls,https://68aff552e1684.streamlock.net/teleunion/TU/playlist.m3u8,https://teleuniontvrd.com/,false
r-e-television,R&E Televisión,regional,Comendador Elías Piña,"R&E Televisión en Vivo | TV de Comendador Elías Piña, RD - DR TV","Ve R&E Televisión en vivo, la señal de Comendador Elías Piña en República Dominicana. Transmisión en vivo, sin cortes, directo desde República Dominicana.","R&E Televisión es la señal local de Comendador Elías Piña, llevando noticias, comunidad y programación regional a la pantalla. Para quienes son de Comendador Elías Piña —dentro o fuera del país— DR TV te conecta con tu canal en vivo, directo desde casa.",hls,https://cloud2.streaminglivehd.com:1936/8072/8072/playlist.m3u8,https://retv.do/en-vivo/,false
telenord-canal-8,Telenord Canal 8,regional,San Francisco de Macoris,Telenord Canal 8 en Vivo | DR TV,"Ve Telenord Canal 8 en vivo, la señal de San Francisco de Macoris en República Dominicana. Transmisión en vivo, sin cortes, directo desde República Dominicana.","Telenord Canal 8 es la señal local de San Francisco de Macoris, llevando noticias, comunidad y programación regional a la pantalla. Para quienes son de San Francisco de Macoris —dentro o fuera del país— DR TV te conecta con tu canal en vivo, directo desde casa.",youtube,youtube.com/channel/UCCfVdftz7iAug_IYreoJgHw,https://telenord.com.do/index.php?option=com_content&view=featured&Itemid=115,false
tele-santo-domingo,Tele Santo Domingo,national-news,,Tele Santo Domingo en Vivo | DR TV,"Mira Tele Santo Domingo en vivo online gratis, 24 horas al día. Transmisión en vivo, sin cortes, directo desde República Dominicana.","Tele Santo Domingo es uno de los canales de referencia en Channel 42 Exito Vision cable, con programación de noticias, opinión y actualidad dominicana. En DR TV puedes seguir su transmisión en vivo directamente, sin salir de la página, ya sea que estés en la isla o formes parte de la diáspora dominicana en el exterior.",hls,https://vdopanel.jlahozconsulting.com:3769/live/santodomingolive.m3u8,https://www.telesantodomingo.com/,false
telenord-canal-12,Telenord Canal 12,national-news,,Telenord Canal 12 en Vivo | DR TV,"Mira Telenord Canal 12 en vivo online gratis, 24 horas al día. Transmisión en vivo, sin cortes, directo desde República Dominicana.","Telenord Canal 12 es uno de los canales de referencia en Telenord network, con programación de noticias, opinión y actualidad dominicana. En DR TV puedes seguir su transmisión en vivo directamente, sin salir de la página, ya sea que estés en la isla o formes parte de la diáspora dominicana en el exterior.",youtube,youtube.com/channel/UCCfVdftz7iAug_IYreoJgHw,https://telenord.com.do/index.php?option=com_content&view=featured&Itemid=117,false
punta-cana-tv,Punta Cana TV,regional,Punta Cana,"Punta Cana TV en Vivo | TV de Punta Cana, RD - DR TV","Ve Punta Cana TV en vivo, la señal de Punta Cana en República Dominicana. Transmisión en vivo, sin cortes, directo desde República Dominicana.","Punta Cana TV es la señal local de Punta Cana, llevando noticias, comunidad y programación regional a la pantalla. Para quienes son de Punta Cana —dentro o fuera del país— DR TV te conecta con tu canal en vivo, directo desde casa.",youtube,youtube.com/@puntacanatv,https://puntacanatvrd.com/web/,false
telesistema-canal-11,Telesistema Canal 11,national-news,,Telesistema Canal 11 en Vivo | DR TV,"Mira Telesistema Canal 11 en vivo online gratis, 24 horas al día. Transmisión en vivo, sin cortes, directo desde República Dominicana.","Telesistema Canal 11 es uno de los canales de referencia en Major national network, con programación de noticias, opinión y actualidad dominicana. En DR TV puedes seguir su transmisión en vivo directamente, sin salir de la página, ya sea que estés en la isla o formes parte de la diáspora dominicana en el exterior.",youtube,youtube.com/c/telesistema11rd,https://telesistema11.com.do/,false
tv-higuey-digital,TV Higüey Digital,regional,Altagracia/Higüey,"TV Higüey Digital en Vivo | TV de Altagracia/Higüey, RD - DR TV","Ve TV Higüey Digital en vivo, la señal de Altagracia/Higüey en República Dominicana. Transmisión en vivo, sin cortes, directo desde República Dominicana.","TV Higüey Digital es la señal local de Altagracia/Higüey, llevando noticias, comunidad y programación regional a la pantalla. Para quienes son de Altagracia/Higüey —dentro o fuera del país— DR TV te conecta con tu canal en vivo, directo desde casa.",youtube,youtube.com/channel/UC3elUUXf0hQ6ay_ABawSM7Q,https://tvhigueydigital.com/,false
televiaducto,Televiaducto,regional,Moca Channel 3,"Televiaducto en Vivo | TV de Moca Channel 3, RD - DR TV","Ve Televiaducto en vivo, la señal de Moca Channel 3 en República Dominicana. Transmisión en vivo, sin cortes, directo desde República Dominicana.","Televiaducto es la señal local de Moca Channel 3, llevando noticias, comunidad y programación regional a la pantalla. Para quienes son de Moca Channel 3 —dentro o fuera del país— DR TV te conecta con tu canal en vivo, directo desde casa.",youtube,youtube.com/channel/UCuJT7sicnhl0wkw9L4_j92w,https://www.televiaducto.com.do/,false
television-dominicana-usa,Televisión Dominicana (USA),national-news,,Televisión Dominicana (USA) en Vivo | DR TV,"Mira Televisión Dominicana (USA) en vivo online gratis, 24 horas al día. Disponible para la diáspora dominicana en cualquier parte del mundo.","Televisión Dominicana (USA) es uno de los canales de referencia en República Dominicana, con programación de noticias, opinión y actualidad dominicana. En DR TV puedes seguir su transmisión en vivo directamente, sin salir de la página, ya sea que estés en la isla o formes parte de la diáspora dominicana en el exterior.",youtube,youtube.com/@televisiondominicanatv5145,https://www.televisiondominicana.tv/,true
tv-10-san-juan,TV 10 San Juan,regional,San Juan de la Maguana,"TV 10 San Juan en Vivo | TV de San Juan de la Maguana, RD - DR TV","Ve TV 10 San Juan en vivo, la señal de San Juan de la Maguana en República Dominicana. Transmisión en vivo, sin cortes, directo desde República Dominicana.","TV 10 San Juan es la señal local de San Juan de la Maguana, llevando noticias, comunidad y programación regional a la pantalla. Para quienes son de San Juan de la Maguana —dentro o fuera del país— DR TV te conecta con tu canal en vivo, directo desde casa.",hls,https://59d39900ebfb8.streamlock.net:443/tv10sanjuan/tv10sanjuan/playlist.m3u8,https://tv10sanjuan.com.do/,false
tv-plata,TV Plata,regional,Puerto Plata,"TV Plata en Vivo | TV de Puerto Plata, RD - DR TV","Ve TV Plata en vivo, la señal de Puerto Plata en República Dominicana. Transmisión en vivo, sin cortes, directo desde República Dominicana.","TV Plata es la señal local de Puerto Plata, llevando noticias, comunidad y programación regional a la pantalla. Para quienes son de Puerto Plata —dentro o fuera del país— DR TV te conecta con tu canal en vivo, directo desde casa.",iframe,https://rdomiplayer.com/landing/tv/1075/1,https://tvplata.com/,false
tvs,TVS,regional,Tenares Hermanas Mirabal,"TVS en Vivo | TV de Tenares Hermanas Mirabal, RD - DR TV","Ve TVS en vivo, la señal de Tenares Hermanas Mirabal en República Dominicana. Transmisión en vivo, sin cortes, directo desde República Dominicana.","TVS es la señal local de Tenares Hermanas Mirabal, llevando noticias, comunidad y programación regional a la pantalla. Para quienes son de Tenares Hermanas Mirabal —dentro o fuera del país— DR TV te conecta con tu canal en vivo, directo desde casa.",youtube,youtube.com/@tvscanal2295,https://tvs.com.do/,false
vallevision,Vallevisión,regional,La Vega/El Cibao,"Vallevisión en Vivo | TV de La Vega/El Cibao, RD - DR TV","Ve Vallevisión en vivo, la señal de La Vega/El Cibao en República Dominicana. Transmisión en vivo, sin cortes, directo desde República Dominicana.","Vallevisión es la señal local de La Vega/El Cibao, llevando noticias, comunidad y programación regional a la pantalla. Para quienes son de La Vega/El Cibao —dentro o fuera del país— DR TV te conecta con tu canal en vivo, directo desde casa.",youtube,youtube.com/embed/1cO8jTWMj6c,https://vallevision.com.do/,false
azua-tv,Azua TV,regional,Facebook-only,"Azua TV en Vivo | TV de Facebook-only, RD - DR TV","Ve Azua TV en vivo, la señal de Facebook-only en República Dominicana. Transmisión en vivo, sin cortes, directo desde República Dominicana.","Azua TV es la señal local de Facebook-only - Azua, llevando noticias, comunidad y programación regional a la pantalla. Para quienes son de Facebook-only —dentro o fuera del país— DR TV te conecta con tu canal en vivo, directo desde casa.",facebook,https://www.facebook.com/azuatv3,https://www.facebook.com/azuatv3,false
beller-vision-canal-22,Beller Visión Canal 22,regional,Facebook-only,"Beller Visión Canal 22 en Vivo | TV de Facebook-only, RD - DR TV","Ve Beller Visión Canal 22 en vivo, la señal de Facebook-only en República Dominicana. Transmisión en vivo, sin cortes, directo desde República Dominicana.","Beller Visión Canal 22 es la señal local de Facebook-only - Dajabon, llevando noticias, comunidad y programación regional a la pantalla. Para quienes son de Facebook-only —dentro o fuera del país— DR TV te conecta con tu canal en vivo, directo desde casa.",facebook,http://es-la.facebook.com/people/Beller-Vision-CANAL-22/100028375400328/,http://es-la.facebook.com/people/Beller-Vision-CANAL-22/100028375400328/,false
cotui-tv,Cotuí TV,regional,Facebook-only HD 4K,"Cotuí TV en Vivo | TV de Facebook-only HD 4K, RD - DR TV","Ve Cotuí TV en vivo, la señal de Facebook-only HD 4K en República Dominicana. Transmisión en vivo, sin cortes, directo desde República Dominicana.","Cotuí TV es la señal local de Facebook-only HD 4K - Sanchez Ramirez, llevando noticias, comunidad y programación regional a la pantalla. Para quienes son de Facebook-only HD 4K —dentro o fuera del país— DR TV te conecta con tu canal en vivo, directo desde casa.",facebook,https://www.facebook.com/cotuitv/,https://www.facebook.com/cotuitv/,false
faro-vision-digital,Faro Visión Digital,regional,Facebook-only,"Faro Visión Digital en Vivo | TV de Facebook-only, RD - DR TV","Ve Faro Visión Digital en vivo, la señal de Facebook-only en República Dominicana. Transmisión en vivo, sin cortes, directo desde República Dominicana.","Faro Visión Digital es la señal local de Facebook-only - Río San Juan, llevando noticias, comunidad y programación regional a la pantalla. Para quienes son de Facebook-only —dentro o fuera del país— DR TV te conecta con tu canal en vivo, directo desde casa.",facebook,https://www.facebook.com/farovision/,https://www.facebook.com/farovision/,false
santa-cruz-tv-8,Santa Cruz TV 8,regional,Facebook-only,"Santa Cruz TV 8 en Vivo | TV de Facebook-only, RD - DR TV","Ve Santa Cruz TV 8 en vivo, la señal de Facebook-only en República Dominicana. Transmisión en vivo, sin cortes, directo desde República Dominicana.","Santa Cruz TV 8 es la señal local de Facebook-only - El Seibo, llevando noticias, comunidad y programación regional a la pantalla. Para quienes son de Facebook-only —dentro o fuera del país— DR TV te conecta con tu canal en vivo, directo desde casa.",facebook,https://www.facebook.com/SantaCruzTvCanal8LaMejorImagen/,https://www.facebook.com/SantaCruzTvCanal8LaMejorImagen/,false
televida-canal-41,Televida Canal 41,christian,,Televida Canal 41 en Vivo | Canal Cristiano Dominicano - DR TV,"Sintoniza Televida Canal 41 en vivo, programación cristiana dominicana. Transmisión en vivo, sin cortes, directo desde República Dominicana.","Televida Canal 41 transmite programación cristiana en vivo desde Facebook-only Catholic station: alabanza, mensajes y contenido familiar. Sintonízalo en cualquier momento del día directamente en DR TV.",facebook,https://es-la.facebook.com/Televida/,https://es-la.facebook.com/Televida/,false
telenord-canal-10,Telenord Canal 10,national-news,,Telenord Canal 10 en Vivo | DR TV,"Mira Telenord Canal 10 en vivo online gratis, 24 horas al día. Transmisión en vivo, sin cortes, directo desde República Dominicana.","Telenord Canal 10 es uno de los canales de referencia en Telenord network, con programación de noticias, opinión y actualidad dominicana. En DR TV puedes seguir su transmisión en vivo directamente, sin salir de la página, ya sea que estés en la isla o formes parte de la diáspora dominicana en el exterior.",youtube,youtube.com/channel/UCCfVdftz7iAug_IYreoJgHw,https://telenord.com.do/index.php?option=com_content&view=category&layout=blog&id=10&Itemid=116,false
tvo-39,TVO 39,regional,La Romana,"TVO 39 en Vivo | TV de La Romana, RD - DR TV","Ve TVO 39 en vivo, la señal de La Romana en República Dominicana. Transmisión en vivo, sin cortes, directo desde República Dominicana.","TVO 39 es la señal local de La Romana, llevando noticias, comunidad y programación regional a la pantalla. Para quienes son de La Romana —dentro o fuera del país— DR TV te conecta con tu canal en vivo, directo desde casa.",hls,https://videoserver.tmcreativos.com:19360/gkemzxrrmr/gkemzxrrmr.m3u8,https://tvo.com.do/,false
vision-ndv,Visión NDV,regional,Santiago closed-circuit,"Visión NDV en Vivo | TV de Santiago closed-circuit, RD - DR TV","Ve Visión NDV en vivo, la señal de Santiago closed-circuit en República Dominicana. Transmisión en vivo, sin cortes, directo desde República Dominicana.","Visión NDV es la señal local de Santiago closed-circuit, llevando noticias, comunidad y programación regional a la pantalla. Para quienes son de Santiago closed-circuit —dentro o fuera del país— DR TV te conecta con tu canal en vivo, directo desde casa.",hls,https://soportedvb.click:3891/live/visionndvlive.m3u8,https://www.visionndv.net/,false
tv-fe,TV FE,christian,,TV FE en Vivo | Canal Cristiano Dominicano - DR TV,"Sintoniza TV FE en vivo, programación cristiana dominicana. Transmisión en vivo, sin cortes, directo desde República Dominicana.","TV FE transmite programación cristiana en vivo desde Christian hymns and messages: alabanza, mensajes y contenido familiar. Sintonízalo en cualquier momento del día directamente en DR TV.",hls,https://vdopanel.jlahozconsulting.com/p/3662/hybrid/play.m3u8,https://www.tvfe.tv/index.html,false
cielo-tv,Cielo TV,christian,,Cielo TV en Vivo | Canal Cristiano Dominicano - DR TV,"Sintoniza Cielo TV en vivo, programación cristiana dominicana. Transmisión en vivo, sin cortes, directo desde República Dominicana.","Cielo TV transmite programación cristiana en vivo desde Christian family programming: alabanza, mensajes y contenido familiar. Sintonízalo en cualquier momento del día directamente en DR TV.",iframe,https://streaming.servervideo.net/VideoPlayer/cielotv?autoplay=1,https://cielotv.do/,false
aliento-vision-tv,Aliento Visión TV,christian,,Aliento Visión TV en Vivo | Canal Cristiano Dominicano - DR TV,"Sintoniza Aliento Visión TV en vivo, programación cristiana dominicana. Transmisión en vivo, sin cortes, directo desde República Dominicana.","Aliento Visión TV transmite programación cristiana en vivo desde Christian station based in New York - diaspora relevant: alabanza, mensajes y contenido familiar. Sintonízalo en cualquier momento del día directamente en DR TV.",youtube,youtube.com/embed/3xsTI98NSKw,https://www.alientovision.com/,false
acontecer-del-cibao-tv,Acontecer del Cibao TV,regional,Cibao region digital outlet,Acontecer del Cibao TV en Vivo | DR TV,"Ve Acontecer del Cibao TV en vivo, la señal de Cibao region digital outlet en República Dominicana. Transmisión en vivo, sin cortes, directo desde República...","Acontecer del Cibao TV es la señal local de Cibao region digital outlet, llevando noticias, comunidad y programación regional a la pantalla. Para quienes son de Cibao region digital outlet —dentro o fuera del país— DR TV te conecta con tu canal en vivo, directo desde casa.",hls,https://gplayer.hiesoft.net/player.php?url=https://stream.hiesoft.net/memfs/a625d423-134a-47c2-b4d6-93c4dfdae4d4_output_0.m3u8?session=ev5Xh7sYqgNUYun5PqnQSi,https://www.acontecerdelcibao.com/p/tv.html,false
ztv-digital,ZTV Digital,entertainment,,ZTV Digital en Vivo Online | TV Dominicana Gratis - DR TV,"Disfruta ZTV Digital en vivo online, entretenimiento dominicano gratis. Transmisión en vivo, sin cortes, directo desde República Dominicana.","ZTV Digital transmite entretenimiento, variedades y programación familiar en vivo desde Z101 radio's TV arm. Una señal pensada para acompañarte todo el día, disponible en DR TV sin necesidad de buscar en otro sitio.",youtube,youtube.com/embed/strhKu8XiI8,https://z101digital.com/ztv/,false
tv-ola-44-hd,TV Ola 44 HD,regional,Eastern region UHF,"TV Ola 44 HD en Vivo | TV de Eastern region UHF, RD - DR TV","Ve TV Ola 44 HD en vivo, la señal de Eastern region UHF en República Dominicana. Transmisión en vivo, sin cortes, directo desde República Dominicana.","TV Ola 44 HD es la señal local de Eastern region UHF, llevando noticias, comunidad y programación regional a la pantalla. Para quienes son de Eastern region UHF —dentro o fuera del país— DR TV te conecta con tu canal en vivo, directo desde casa.",youtube,youtube.com/channel/UC-vonuM13POcYWAQx70OAIQ,https://teleola44hd.com/,false
hilando-fino-tv,Hilando Fino TV,entertainment,,Hilando Fino TV en Vivo Online | TV Dominicana Gratis - DR TV,"Disfruta Hilando Fino TV en vivo online, entretenimiento dominicano gratis. Transmisión en vivo, sin cortes, directo desde República Dominicana.","Hilando Fino TV transmite entretenimiento, variedades y programación familiar en vivo desde family programming. Una señal pensada para acompañarte todo el día, disponible en DR TV sin necesidad de buscar en otro sitio.",youtube,youtube.com/channel/UCUPkqvKKBbtkuGKAVjW0uyw,https://www.hilandofinotv.com/,false
canalda-hd,Canalda HD,entertainment,,Canalda HD en Vivo Online | TV Dominicana Gratis - DR TV,"Disfruta Canalda HD en vivo online, entretenimiento dominicano gratis. Transmisión en vivo, sin cortes, directo desde República Dominicana.","Canalda HD transmite entretenimiento, variedades y programación familiar en vivo desde National /music/. Una señal pensada para acompañarte todo el día, disponible en DR TV sin necesidad de buscar en otro sitio.",iframe,https://canalda.rgradio.net/hybrid-stream-video-widget/canalda,https://canaldahd.com/,false
bani-vision,Baní Visión,national-news,,Baní Visión en Vivo Online | Noticias y TV Dominicana - DR TV,"Mira Baní Visión en vivo online gratis, 24 horas al día. Disponible para la diáspora dominicana en cualquier parte del mundo.","Baní Visión es uno de los canales de referencia en República Dominicana, con programación de noticias, opinión y actualidad dominicana. En DR TV puedes seguir su transmisión en vivo directamente, sin salir de la página, ya sea que estés en la isla o formes parte de la diáspora dominicana en el exterior.",youtube,youtube.com/@Banivision,https://www.banivision.com/,true
digital-809-tv,Digital 809 TV,entertainment,,Digital 809 TV en Vivo Online | TV Dominicana Gratis - DR TV,"Disfruta Digital 809 TV en vivo online, entretenimiento dominicano gratis. Transmisión en vivo, sin cortes, directo desde República Dominicana.","Digital 809 TV transmite entretenimiento, variedades y programación familiar en vivo desde Music video channel. Una señal pensada para acompañarte todo el día, disponible en DR TV sin necesidad de buscar en otro sitio.",hls,https://stream.inliveserver.com:19360/8146/8146.m3u8,https://digital809tv.com,false
valle-nuevo-tv,Valle Nuevo TV,regional,Constanza La Vega,"Valle Nuevo TV en Vivo | TV de Constanza La Vega, RD - DR TV","Ve Valle Nuevo TV en vivo, la señal de Constanza La Vega en República Dominicana. Transmisión en vivo, sin cortes, directo desde República Dominicana.","Valle Nuevo TV es la señal local de Constanza La Vega, llevando noticias, comunidad y programación regional a la pantalla. Para quienes son de Constanza La Vega —dentro o fuera del país— DR TV te conecta con tu canal en vivo, directo desde casa.",youtube,youtube.com/@ValleNuevoTV,https://vallenuevotv.com/,false
el-sol-network-tv,EL Sol Network TV,entertainment,,EL Sol Network TV en Vivo Online | TV Dominicana Gratis - DR TV,"Disfruta EL Sol Network TV en vivo online, entretenimiento dominicano gratis. Transmisión en vivo, sin cortes, directo desde República Dominicana.","EL Sol Network TV transmite entretenimiento, variedades y programación familiar en vivo desde República Dominicana. Una señal pensada para acompañarte todo el día, disponible en DR TV sin necesidad de buscar en otro sitio.",youtube,youtube.com/embed/PCAxivrM4vIu0026t,https://elsolnetworktv.com/,false
tni-canal-51,TNI Canal 51,regional,/radio+TV circuit,"TNI Canal 51 en Vivo | TV de /radio+TV circuit, RD - DR TV","Ve TNI Canal 51 en vivo, la señal de /radio+TV circuit en República Dominicana. Transmisión en vivo, sin cortes, directo desde República Dominicana.","TNI Canal 51 es la señal local de /radio+TV circuit, llevando noticias, comunidad y programación regional a la pantalla. Para quienes son de /radio+TV circuit —dentro o fuera del país— DR TV te conecta con tu canal en vivo, directo desde casa.",youtube,youtu.be/0yyFduNDg4U,https://tni51.com/,false
camu-tv,Camú TV,regional,La Vega online TV,"Camú TV en Vivo | TV de La Vega online TV, RD - DR TV","Ve Camú TV en vivo, la señal de La Vega online TV en República Dominicana. Transmisión en vivo, sin cortes, directo desde República Dominicana.","Camú TV es la señal local de La Vega online TV, llevando noticias, comunidad y programación regional a la pantalla. Para quienes son de La Vega online TV —dentro o fuera del país— DR TV te conecta con tu canal en vivo, directo desde casa.",hls,https://tv.ycrnet.uk/camutv.m3u8,https://www.camutv.net/,false
yuna-vision,Yuna Visión,regional,Monseñor Nouel,"Yuna Visión en Vivo | TV de Monseñor Nouel, RD - DR TV","Ve Yuna Visión en vivo, la señal de Monseñor Nouel en República Dominicana. Transmisión en vivo, sin cortes, directo desde República Dominicana.","Yuna Visión es la señal local de Monseñor Nouel, llevando noticias, comunidad y programación regional a la pantalla. Para quienes son de Monseñor Nouel —dentro o fuera del país— DR TV te conecta con tu canal en vivo, directo desde casa.",hls,https://tele-stream.telecasa.net/live/st1/yunavision-hd/index.m3u8,https://www.yunavision.com/,false
vision-global-tv,Visión Global TV,entertainment,,Visión Global TV en Vivo Online | TV Dominicana Gratis - DR TV,"Disfruta Visión Global TV en vivo online, entretenimiento dominicano gratis. Transmisión en vivo, sin cortes, directo desde República Dominicana.","Visión Global TV transmite entretenimiento, variedades y programación familiar en vivo desde Varied: /humor/movies/music. Una señal pensada para acompañarte todo el día, disponible en DR TV sin necesidad de buscar en otro sitio.",hls,https://vdopanel.jlahozconsulting.com:3407/hybrid/play.m3u8,https://visionglobaltv.net/,false
la-voz-de-maria,La Voz de María,christian,,La Voz de María en Vivo | Canal Cristiano Dominicano - DR TV,"Sintoniza La Voz de María en vivo, programación cristiana dominicana. Transmisión en vivo, sin cortes, directo desde República Dominicana.","La Voz de María transmite programación cristiana en vivo desde Catholic music station La Vega: alabanza, mensajes y contenido familiar. Sintonízalo en cualquier momento del día directamente en DR TV.",hls,https://live.lavozdemaria.com:3436/live/lavozdemarialive.m3u8,https://lavozdemaria.org/,false
maquina-vision,Máquina Visión,regional,La Romana online TV,"Máquina Visión en Vivo | TV de La Romana online TV, RD - DR TV","Ve Máquina Visión en vivo, la señal de La Romana online TV en República Dominicana. Transmisión en vivo, sin cortes, directo desde República Dominicana.","Máquina Visión es la señal local de La Romana online TV, llevando noticias, comunidad y programación regional a la pantalla. Para quienes son de La Romana online TV —dentro o fuera del país— DR TV te conecta con tu canal en vivo, directo desde casa.",hls,https://vdopanel.jlahozconsulting.com:3303/hybrid/play.m3u8,https://makinavision.net/,false
tenarenses-tv,Tenarenses TV,regional,Tenares digital TV,"Tenarenses TV en Vivo | TV de Tenares digital TV, RD - DR TV","Ve Tenarenses TV en vivo, la señal de Tenares digital TV en República Dominicana. Transmisión en vivo, sin cortes, directo desde República Dominicana.","Tenarenses TV es la señal local de Tenares digital TV, llevando noticias, comunidad y programación regional a la pantalla. Para quienes son de Tenares digital TV —dentro o fuera del país— DR TV te conecta con tu canal en vivo, directo desde casa.",youtube,youtube.com/@tenarensestv,https://www.tenarenses.com/tv-en-vivo/,false
telecontacto-canal-57,Telecontacto Canal 57,regional,Santiago de los Caballeros,"Telecontacto Canal 57 en Vivo | TV de Santiago de los Caballeros, RD - DR TV","Ve Telecontacto Canal 57 en vivo, la señal de Santiago de los Caballeros en República Dominicana. Transmisión en vivo, sin cortes, directo desde República Dominicana.","Telecontacto Canal 57 es la señal local de Santiago de los Caballeros, llevando noticias, comunidad y programación regional a la pantalla. Para quienes son de Santiago de los Caballeros —dentro o fuera del país— DR TV te conecta con tu canal en vivo, directo desde casa.",iframe,https://streaming.grupomediosdelnorte.com:2020/VideoPlayer/telecontacto?autoplay=1,https://telecontacto.tv/,false
